{"EventID":17,"position":{"x":31.614112854003908,"y":0.308780312538147,"z":0.6878829598426819},"event_type":3,"enemy_type":"Chomper"}
{"EventID":28,"position":{"x":38.22863006591797,"y":0.583416223526001,"z":-17.724403381347658},"event_type":3,"enemy_type":"Chomper"}
{"EventID":35,"position":{"x":39.605831146240237,"y":0.46018850803375246,"z":-16.855579376220704},"event_type":3,"enemy_type":"Chomper"}
{"EventID":41,"position":{"x":47.34540557861328,"y":0.45398545265197756,"z":-15.837270736694336},"event_type":3,"enemy_type":"Chomper"}
{"EventID":56,"position":{"x":41.52641296386719,"y":0.8507838249206543,"z":-13.341882705688477},"event_type":3,"enemy_type":"Chomper"}
{"EventID":63,"position":{"x":40.89213180541992,"y":0.45973074436187746,"z":-18.601459503173829},"event_type":3,"enemy_type":"Chomper"}
{"EventID":69,"position":{"x":43.419864654541019,"y":0.44873034954071047,"z":-20.107328414916993},"event_type":3,"enemy_type":"Chomper"}
{"EventID":75,"position":{"x":41.7043571472168,"y":0.6928608417510986,"z":-23.1060733795166},"event_type":3,"enemy_type":"Chomper"}
