{"EventID":68,"position":{"x":-22.805862426757814,"y":0.9826856851577759,"z":28.53415298461914},"event_type":3,"enemy_type":"EnemyAttack"}
{"EventID":249,"position":{"x":50.364227294921878,"y":0.18833136558532716,"z":-23.833314895629884},"event_type":3,"enemy_type":"EnemyAttack"}
{"EventID":256,"position":{"x":56.5612907409668,"y":3.9826855659484865,"z":-35.65836715698242},"event_type":3,"enemy_type":"EnemyAttack"}
{"EventID":263,"position":{"x":56.121578216552737,"y":3.982685089111328,"z":-35.387943267822269},"event_type":3,"enemy_type":"EnemyAttack"}
{"EventID":272,"position":{"x":56.254878997802737,"y":3.9826855659484865,"z":-35.47004318237305},"event_type":3,"enemy_type":"EnemyAttack"}
{"EventID":280,"position":{"x":56.254878997802737,"y":3.9826855659484865,"z":-35.47004318237305},"event_type":3,"enemy_type":"EnemyAttack"}
{"EventID":290,"position":{"x":56.566986083984378,"y":3.9826855659484865,"z":-35.83638381958008},"event_type":3,"enemy_type":"EnemyAttack"}
{"EventID":296,"position":{"x":57.81951141357422,"y":3.9941935539245607,"z":-30.067907333374025},"event_type":3,"enemy_type":"EnemyAttack"}
{"EventID":303,"position":{"x":57.81951141357422,"y":3.9941930770874025,"z":-30.067907333374025},"event_type":3,"enemy_type":"EnemyAttack"}
{"EventID":311,"position":{"x":57.81951141357422,"y":3.9941930770874025,"z":-30.067907333374025},"event_type":3,"enemy_type":"EnemyAttack"}
{"EventID":319,"position":{"x":57.81951141357422,"y":3.9941930770874025,"z":-30.067907333374025},"event_type":3,"enemy_type":"EnemyAttack"}
