{"EventID":48,"position":{"x":47.30071258544922,"y":0.31913769245147707,"z":-7.424375057220459},"event_type":4,"death":2}
{"EventID":81,"position":{"x":42.09562301635742,"y":0.6504408121109009,"z":-22.252994537353517},"event_type":4,"death":2}
