{"EventID":279,"position":{"x":56.254878997802737,"y":3.9826855659484865,"z":-35.47004318237305},"event_type":4,"death":2}
{"EventID":318,"position":{"x":57.81951141357422,"y":3.9941930770874025,"z":-30.067907333374025},"event_type":4,"death":2}
