{"EventID":86,"position":{"x":29.902883529663087,"y":0.23912370204925538,"z":0.9247323870658875},"event_type":2,"enemy_killed":"Chomper"}
{"EventID":89,"position":{"x":31.90018081665039,"y":0.3222748041152954,"z":0.2728123962879181},"event_type":2,"enemy_killed":"Chomper"}
{"EventID":90,"position":{"x":31.90018081665039,"y":0.3222748041152954,"z":0.2728123962879181},"event_type":2,"enemy_killed":"Chomper"}
{"EventID":92,"position":{"x":32.97608947753906,"y":0.34362781047821047,"z":0.04775482043623924},"event_type":2,"enemy_killed":"Chomper"}
{"EventID":94,"position":{"x":33.38397216796875,"y":0.3107600212097168,"z":1.0213958024978638},"event_type":2,"enemy_killed":"Chomper"}
{"EventID":102,"position":{"x":29.038251876831056,"y":0.4674781560897827,"z":10.907529830932618},"event_type":2,"enemy_killed":"Chomper"}
{"EventID":106,"position":{"x":20.456777572631837,"y":0.35306477546691897,"z":23.171716690063478},"event_type":2,"enemy_killed":"Chomper"}
{"EventID":110,"position":{"x":20.276386260986329,"y":0.3023778200149536,"z":19.333072662353517},"event_type":2,"enemy_killed":"Chomper"}
{"EventID":111,"position":{"x":20.276386260986329,"y":0.3023778200149536,"z":19.333072662353517},"event_type":2,"enemy_killed":"Chomper"}
{"EventID":219,"position":{"x":15.295125961303711,"y":0.38566017150878909,"z":-25.981931686401368},"event_type":2,"enemy_killed":"Chomper"}
{"EventID":228,"position":{"x":46.124568939208987,"y":0.4730910062789917,"z":-23.531705856323243},"event_type":2,"enemy_killed":"Spitter"}
{"EventID":251,"position":{"x":49.17148971557617,"y":0.22808170318603517,"z":-24.772504806518556},"event_type":2,"enemy_killed":"Chomper"}
{"EventID":265,"position":{"x":56.288700103759769,"y":3.982685089111328,"z":-35.3640022277832},"event_type":2,"enemy_killed":"Chomper"}
{"EventID":266,"position":{"x":56.288700103759769,"y":3.982685089111328,"z":-35.3640022277832},"event_type":2,"enemy_killed":"Spitter"}
{"EventID":325,"position":{"x":56.258460998535159,"y":3.982685089111328,"z":-34.42325973510742},"event_type":2,"enemy_killed":"Chomper"}
