{"EventID":12,"position":{"x":29.905536651611329,"y":0.22655463218688966,"z":1.20073664188385},"event_type":2,"enemy_killed":"Chomper"}
{"EventID":14,"position":{"x":31.23019790649414,"y":0.2976495027542114,"z":0.8742181658744812},"event_type":2,"enemy_killed":"Chomper"}
{"EventID":15,"position":{"x":31.23019790649414,"y":0.2976495027542114,"z":0.8742181658744812},"event_type":2,"enemy_killed":"Chomper"}
{"EventID":19,"position":{"x":31.946264266967775,"y":0.31446707248687746,"z":0.736130952835083},"event_type":2,"enemy_killed":"Chomper"}
{"EventID":22,"position":{"x":32.113224029541019,"y":0.31422901153564455,"z":0.7609129548072815},"event_type":2,"enemy_killed":"Chomper"}
{"EventID":32,"position":{"x":38.43137741088867,"y":0.5963730812072754,"z":-17.94143295288086},"event_type":2,"enemy_killed":"Chomper"}
