{"EventID":0,"position":{"x":6.0,"y":-0.02091115713119507,"z":-35.0},"event_type":1}
{"EventID":1,"position":{"x":6.0,"y":-0.02091115713119507,"z":-35.0},"event_type":1}
{"EventID":2,"position":{"x":-8.931103706359864,"y":1.9721760749816895,"z":-26.72646141052246},"event_type":1}
{"EventID":3,"position":{"x":-22.226177215576173,"y":1.1946871280670167,"z":-15.51927375793457},"event_type":1}
{"EventID":4,"position":{"x":-23.335290908813478,"y":1.912236213684082,"z":-14.688094139099121},"event_type":1}
{"EventID":5,"position":{"x":-23.335290908813478,"y":1.912236213684082,"z":-14.688094139099121},"event_type":1}
{"EventID":6,"position":{"x":-23.335290908813478,"y":1.912236213684082,"z":-14.688094139099121},"event_type":1}
{"EventID":7,"position":{"x":-23.335290908813478,"y":1.912236213684082,"z":-14.688094139099121},"event_type":1}
{"EventID":8,"position":{"x":-23.335290908813478,"y":1.912236213684082,"z":-14.688094139099121},"event_type":1}
