{
{"EventID":0,"position":{"x":6.0,"y":-0.02091115713119507,"z":-35.0},"event_type":1}
{"EventID":1,"position":{"x":6.0,"y":-0.02091115713119507,"z":-35.0},"event_type":1}
{"EventID":2,"position":{"x":6.0,"y":-0.02091115713119507,"z":-35.0},"event_type":1}
{"EventID":3,"position":{"x":6.0,"y":-0.02091115713119507,"z":-35.0},"event_type":1}
{"EventID":4,"position":{"x":6.0,"y":-0.02091115713119507,"z":-35.0},"event_type":1}
}