{"cameraMode":{"drawMode":0,"name":"Shaded","section":"Shading Mode"},"sceneLighting":true,"audioPlay":false,"sceneViewState":{"showFog":true,"showMaterialUpdate":false,"showSkybox":true,"showFlares":true,"showImageEffects":true,"showParticleSystems":true},"in2DMode":false,"pivot":{"x":8.301119804382325,"y":-8.775315284729004,"z":-43.84437561035156},"rotation":{"x":0.054942790418863299,"y":0.9131084084510803,"z":-0.38208872079849245,"w":0.13128399848937989},"size":9.35549545288086,"orthographic":false}